name,Ionic/M,Temp/K,pH,Exp. Rg/nm,Exp. Rg error/nm,fasta,doi,Sim. Rg C2/nm,Sim. Rg error C2/nm,Sim. Rg Trp1.48/nm,Sim. Rg error Trp1.48/nm,Rel. Rg error C2/%,Rel. Rg error Trp1.48/%
GHRICD,0.35,298.0,7.3,6.0,0.5,SKQQRIKMLILPPVPVPKIKGIDPDLLKEGKLEEVNTILAIHDSYKPEFHSDDSWVEFIELDIDEPDEKTEESDTDRLLSSDHEKSHSNLGVKDGDSGRTSCCEPDILETDFNANDIHEGTSEVAQPQRLKGEADLLCLDQKNQNNSPYHDACPATQQPSVIQAEKNKPQPLPTEGAESTHQAAHIQLSNPSSLSNIDFYAQVSDITPAGSVVLSPGQKNKAGMSQCDMHPEMVSLCQENFLMDNAYFCEADAKKCIPVAPHIKVESHIQPSLNQEDIYITTESLTTAAGRPGTGEHVPGSEMPVPDYTSIHIVQSPQGLILNATALPLPDKEFLSSCGYVSTDQLNKIMP,https://doi.org/10.1186/s12964-020-00626-6,5.910430569616742,0.04327095583089065,5.941791738732827,0.05661643965403735,-1.4928238397209657,-0.9701376877862137
p532070,0.1,277.0,7.0,2.39,0.05,GPGSDLWKLLPENNVLSPLPSQAMDDLMLSPDDIEQWFTEDPGPDEAPRMPEAALEHHHHHH,https://doi.org/10.1038/s41467-021-21258-5,2.391266366648516,0.016314859218772966,2.3494704313787653,0.015699779513709156,0.052986052239153134,-1.6957978502608704
ColNT,0.433,277.0,7.6,2.8,0.033,MGSNGADNAHNNAFGGGKNPGIGNTSGAGSNGSASSNRGNSNGWSWSNKPHKNDGFHSDGSYHITFHGDNNSKPKPGGNSGNRGNNGDGASSHHHHHH,https://doi.org/10.1016/j.bpj.2017.08.030,2.579926095789121,0.019500138202754876,2.50332184916764,0.016655353047506833,-7.859782293245672,-10.595648244012855
hNL3cyt,0.3,293.0,8.5,3.15,0.2,MYRKDKRRQEPLRQPSPQRGAWAPELGAAPEEELAALQLGPTHHECEAGPPHDTLRLTALPDYTLTLRRSPDDIPLMTPNTITMIPNSLVGLQTLHPYNTFAAGFNSTGLPHSHSTTRV,https://doi.org/10.1529/biophysj.107.126995,2.9912538467514445,0.02099391444874305,2.9610297095645737,0.020269147181940766,-5.039560420589062,-5.999056839219881
SH4UD,0.216,293.15,8.0,2.71,0.04,MGSNKSKPKDASQRRRSLEPAENVHGAGGGAFPASQTPSKPASADGHRGPSAAFAPAAAEPKLFGGFNSSDTVTSPQRAGPLAGGSAWSHPQFEK,https://doi.org/10.1073/pnas.1907251116,2.7764391171202547,0.018402638883600674,2.7146977761399107,0.018653413950790964,2.45162793801678,0.17334967305943677
FhuA,0.15,298.0,7.5,3.34,0.1,SESAWGPAATIAARQSATGTKTDTPIQKVPQSISVVTAEEMALHQPKSVKEALSYTPGVSVGTRGASNTYDHLIIRGFAAEGQSQNNYLNGLKLQGNFYNDAVIDPYMLERAEIMRGPVSVLYGKSSPGGLLNMVSKRPTTEPL,https://doi.org/10.1126/science.aan5774,3.3135111057498516,0.020225563098917078,3.32162287950554,0.02389413622358317,-0.7930806661721024,-0.5502131884568812
p15PAF,0.15,298.0,7.0,2.81,0.1,MVRTKADSVPGTYRKVVAARAPRKVLGSSTSATNSTSVSSRKAENKYAGGNPVCVRPTPKWQKGIGEFFRLSPKDSEKENQIPEEAGSSGLGKAKRKACPLQPDHTNDEKE,https://doi.org/10.1016/j.bpj.2013.12.046,3.0537016224358045,0.02149636659429144,3.051796168696476,0.020921871908397706,8.672655602697665,8.604845861084549
PNt,0.15,298.0,7.5,5.11,0.1,DWNNQSIVKTGERQHGIHIQGSDPGGVRTASGTTIKVSGRQAQGILLENPAAELQFRNGSVTSSGQLSDDGIRRFLGTVTVKAGKLVADHATLANVGDTWDDDGIALYVAGEQAQASIADSTLQGAGGVQIERGANVTVQRSAIVDGGLHIGALQSLQPEDLPPSRVVLRDTNVTAVPASGAPAAVSVLGASELTLDGGHITGGRAAGVAAMQGAVVHLQRATIRRGEALAGGAVPGGAVPGGAVPGGFGPGGFGPVLDGWYGVDVSGSSVELAQSIVEAPELGAAIRVGRGARVTVPGGSLSAPHGNVIETGGARRFAPQAAPLSITLQAGAH,https://doi.org/10.1073/pnas.2003773117,5.269341590591266,0.042960227453459815,5.26027238915649,0.044008855183061975,3.1182307356412147,2.9407512555085993
PNtS1,0.15,298.0,7.5,4.92,0.1,DWNNQSIVKTGERQHGIHIQGSDPGGVRTASGTTIKVSGRQAQGILLENPAAELQFRNGSVTSSGQKSDDGIRRFLGTVTVLAGKLVADHATLANVGDTWDDDGIALYVAGEQAQASIADSTLQGAGGVQIERGANVTVQRSAIVLGGLHIGALQSLQPEDDPPSRVVLRDTNVTAVPASGAPAAVSVLGASLLTLDGGHITGGRAAGVAAMQGAVVHEQRATIRRGEALAGGAVPGGAVPGGAVPGGFGPGGFGPVLDGWYGVDVSGSSVELAQSIVEAPELGAAIRVGRGARVTVPGGSLSAPHGNVIETGGARRFAPQAAPLSITLQAGAH,https://doi.org/10.1073/pnas.2003773117,5.221312818616413,0.039161970077634174,5.206075492058648,0.03984577990414666,6.124244280821405,5.814542521517243
PNtS4,0.15,298.0,7.5,5.34,0.1,DWNNQSIVKTGERQHGIHIQGSDPGGVRTASGTTIKVSGRQAQGILLENPAAELQFRNGSVTSSGQLSFVGITRDLGRDTVKAGKLVADHATLANVGDTWDDDGIALYVAGEQAQASIADSTLQGAGGVQIERGADVRVQREAIVDGGLHNGALQSLQPSILPPSTVVLRDTNVTAVPASGAPAAVLVSGASGLRLDGGHIHEGRAAGVAAMQGAVVTLQTATIRRGEALAGGAVPGGAVPGGAVPGGFGPGGFGPVLDGWYGVDVSGSSVELAQSIVEAPELGAAIRVGRGARVTVPGGSLSAPHGNVIETGGARRFAPQAAPLSITLQAGAH,https://doi.org/10.1073/pnas.2003773117,5.2760198734683925,0.04475011373128901,5.233676026876286,0.041564693641616614,-1.1981297103297255,-1.9910856390208571
PNtS5,0.15,298.0,7.5,4.87,0.1,DWNNQSIVKTGERQHGIHIQGSDPGGVRTASGTTIKVSGRQAQGILLENPAAELQFRNGSVTSSGQLSDDGIEDFLGTVTVDAGELVADHATLANVGDTWDDDGIALYVAGEQAQASIADSTLQGAGGVQIEDGANVTVQESAIVDGGLHIGALQSLQPRRLPPSRVVLRKTNVTAVPASGAPAAVSVLGASKLTLRGGHITGGRAAGVAAMQGAVVHLQRATIRRGRALAGGAVPGGAVPGGAVPGGFGPGGFGPVLDGWYGVDVSGSSVELAQSIVEAPELGAAIRVGRGARVTVPGGSLSAPHGNVIETGGARRFAPQAAPLSITLQAGAH,https://doi.org/10.1073/pnas.2003773117,5.0467107776230415,0.03854661558023395,4.946088989507002,0.043374713888063895,3.628558062074773,1.562402248603738
PNtS6,0.15,298.0,7.5,5.26,0.1,DWNNQSIVKTGERQHGIHIQGSDPGGVRTASGTTIKVSGRQAQGILLENPAAELQFRNGSVTSSGQLSDRGIDRFLGTVTVEAGKLVADHATLANVGDTWDKDGIALYVAGRQAQASIADSTLQGAGGVQIREGANVTVQRSAIVDGGLHIGALQSLQPERLPPSDVVLRDTNVTAVPASGAPAAVSVLGASRLTLDGGHITGGDAAGVAAMQGAVVHLQRATIERGEALAGGAVPGGAVPGGAVPGGFGPGGFGPVLDGWYGVDVSGSSVELAQSIVEAPELGAAIRVGRGARVTVPGGSLSAPHGNVIETGGARRFAPQAAPLSITLQAGAH,https://doi.org/10.1073/pnas.2003773117,5.345100510903513,0.038898661066743875,5.233155855612392,0.0451109816354078,1.617880435428004,-0.5103449503347564
RNaseE603_850,0.274,288.0,7.5,5.26,0.031,ERQQDRRKPRQNNRRDRNERRDTRSERTEGSDNREENRRNRRQAQQQTAETRESRQQAEVTEKARTADEQQAPRRERSRRRNDDKRQAQQEAKALNVEEQSVQETEQEERVRPVQPRRKQRQLNQKVRYEQSVAEEAVVAPVVEETVAAEPIVQEAPAPRTELVKVPLPVVAQTAPEQQEENNADNRDNGGMPRRSRRSPRHLRVSGQRRRRYRDERYPTQSPMPLTVACASPELASGKVWIRYPIVRHHHHHH,https://doi.org/10.1093/nar/gkx1083,4.595626646821136,0.03720936719032686,4.608111308666709,0.0385733035894687,-12.630672113666606,-12.393321128009328
S4L,0.169,283.15,7.2,3.6,0.31,GAMIDLSGLTLQSNAPSSMMVKDEYVHDFEGQPSLSTEGHSIQTIQHPPSNRASTETYSTPALLAPSESNATSTANFPNIPVASTSQPASILGGSHSEGLLQIASGPQPGQQQNGFTGQPATYHHNSTTTWTGS,https://doi.org/10.1016/j.csbj.2021.09.009,3.282640731613851,0.023102228480152115,3.26810095192239,0.02395372605328196,-8.815535232948584,-9.219418002155841
ED1,0.153,293.15,7.4,5.42,0.066,GSSHHHHHHSSGLVPRGSHMQIVATNLPPEDQDGSGDDSDNFSGSGAGALQDITLSQQTPSTWKDTQLLTAIPTSPEPTGLEATAASTSTLPAGEGPKEGEAVVLPEVEPGLTAREQEATPRPRETTQLPTTHLASTTTATTAQEPATSHPHRDMQPGHHETSTPAGPSQADLHTPHTEDGGPSATERAAEDGASSQLPAAEGSGEQDFTFETSGENTAVVAVEPDRRNQSPVDQGATGASQGLLDRKEVLGDYKDDDDK,https://doi.org/10.1016/j.mbplus.2021.100081,5.267290372840951,0.03579467332643378,5.25784650919065,0.03713808957963754,-2.817520796292415,-2.9917618230507306
cDAXX,0.13,293.0,8.0,4.75,0.05,SPMSSLQISNEKNLEPGKQISRSSGEQQNKGRIVSPSLLSEEPLAPSSIDAESNGEQPEELTLEEESPVSQLFELEIEALPLDTPSSVETDISSSRKQSEEPFTTVLENGAGMVSSTSFNGGVSPHNWGDSGPPCKKSRKEKKQTGSGPLGNSYVERQRSVHEKNGKKICTLPSPPSPLASLAPVADSSTRVDSPSHGLVTSSLCIPSPARLSQTPHSQPPRPGTCKTSVATQCDPEEIIVLSDSD,https://doi.org/10.1021/jacs.9b10066,4.443885916435477,0.036861145368078094,4.390268370405567,0.03411318982765938,-6.444507022411017,-7.5732974651459495
ChiZ164,0.065,293.0,7.0,2.42,0.01,SNAMTPVRPPHTPDPLNLRGPLDGPRWRRAEPAQSRRPGRSRPGGAPLRYHRTGVGMSRTGHGSRPV,https://doi.org/10.3390/biom10060946,2.3830911709133122,0.015237289113899427,2.3282716817726654,0.014898599887055981,-1.5251582267226318,-3.790426373030352
DSS1,0.17,288.0,7.4,2.5,0.1,MSRAALPSLENLEDDDEFEDFATENWPMKDTELDTGDDTLWENNWDDEDIGDDDFSVQLQAELKKKGVAAC,https://doi.org/10.1101/2022.06.11.495732,2.6234387585167633,0.016340231153552598,2.5942258090881047,0.016144835907512086,4.9375503406705334,3.76903236352419
ANAC046,0.14,298.0,7.0,3.6,0.3,NAPSTTITTTKQLSRIDSLDNIDHLLDFSSLPPLIDPGFLGQPGPSFSGARQQHDLKPVLHHPTTAPVDNTYLPTQALNFPYHSVHNSGSDFGYGAGSGNNNKGMIKLEHSLVSVSQETGLSSDVNTTATPEISSYPMMMNPAMMDGSKSACDGLDDLIFWEDLYTS,https://doi.org/10.1101/2022.06.11.495732,3.646153961446848,0.02519574083660157,3.6774370626688,0.022927643921009513,1.282054484634661,2.151029518577781
hKISS1,0.159,283.15,7.0,3.47,0.05,GEPLEKVASVGNSRPTGQQLESLGLLAPGEQSLPCTERKPAATARLSRRGTSLSPPPESSGSPQQPGLSAPHSRQIPAPQGAVLVQREKDLPNYNWNSFGLRFGKREAAPGNHGRSAGRG,https://doi.org/10.1371/journal.pone.0172507,2.9744443254128954,0.01699725674246041,2.9540449631627395,0.021647090917500406,-14.281143359858927,-14.86902123450319
VWF,0.153,293.0,7.4,3.08,0.03,MEDREQAPNLVYMVTGNPASDEIKRLPGDIQVVPIGVGPNANVQELERIGWPNAPILIQDFETLPREAPDLVLQRGGWSHPQFEKGGGSGGGSGGWSHPQFEK,https://doi.org/10.1016/j.jmb.2021.166954,2.8907468466812207,0.020039698156040866,2.823098355481292,0.02063612347190853,-6.144582899960368,-8.340962484373643
BMAL1P624A,0.154,283.25,7.2,2.77,0.09,GPDASSPGGKKILNGGTPDIPSTGLLPGQAQETPGYPYSDSSSILGENPHIGIDMIDNDQGSSSPSNDEAAMAVIMSLLEADAGLGGPVDFSDLPWAL,https://doi.org/10.1074/jbc.ra119.009845,2.869128484695577,0.01970481471408049,2.863667257829957,0.01983517401629613,3.578645656880032,3.3814894523450136
D91_FATZ1,0.192,293.15,7.5,3.86,0.024,GPTVGGQLGTAGQGFSYSKSNGRGGSQAGGSGSAGQYGSDQQHHLGSGSGAGGTGGPAGQAGRGGAAGTAGVGETGSGDQAGGEGKHITVFKTYISPWERAMGVDPQQKMELGIDLLAYGAKAELPKYKSFNRTAMPYGGYEKASKRMTFQMPKFDLGPLLSEPLVLYNQNLSNRPSFNRTPIPWLSSGEPVDYNVDIGIPLDGETEEL,https://doi.org/10.1126/sciadv.abg7653,3.8155100161217947,0.029081519297394783,3.704457794487488,0.02808520494403536,-1.15259025591205,-4.029590816386321
ED3,0.153,293.15,7.4,6.51,0.15,MGSSHHHHHHSSGLVPRGSMAQRWRSENFERPVDLEGSGDDDSFPDDELDDLYSGSGSGYFEQESGIETAMETRFSPDVALAVSTTPAVLPTTNIQPVGTPFEELPSERPTLEPATSPLVVTEVPEEPSQRATTVSTTMETATTAATSTGDPTVATVPATVATATPSTPAAPPFTATTAVIRTTGVRRLLPLPLTTVATARATTPEAPSPPTTAAVLDTEAPTPRLVSTATSRPRALPRPATTQEPDIPERSTLPLGTTAPGPTEVAQTPTPETFLTTIRDEPEVPVSGGPSGDFELPEEETTQPDTANEVVAVGGAAAKASSPPGTLPKGARPGPGLLDNAIDSGSSAAQLPQKSILERKEVLVDYKDDDDK,https://doi.org/10.1016/j.mbplus.2021.100081,5.988076526104204,0.054485292027518596,5.922820019096113,0.05694882415661862,-8.017257663529886,-9.019661765036666
Fez1,0.15,293.0,7.4,3.6,0.1,QIQEEEETLQDEEVWDALTDNYIPSLSEDWRDPNIEALNGNCSDTEIHEKEEEEFNEKSENDSGINEEPLLTADQVIEEIEEMMQNSPDPEEEEEVLEEEDGG,https://doi.org/10.1021/pr100314q,3.7800984302770173,0.02144108343576449,3.7476919313343933,0.021269883730219683,5.002734174361589,4.102553648177588
CP12ox,0.02,293.0,7.9,2.82,0.05,SGHIEGRHMSGQPAVDLNKKVQDAVKEAEDACAKGTSADCAVAWDTVEELSAAVSHKKDAVKADVTLTDPLEAFCKDAPDADECRVYED,https://doi.org/10.1016/j.bbrc.2016.06.014,2.8924525472787446,0.01955587691128757,2.890613805017954,0.018532915856202762,2.5692392652037137,2.504035638934551
Msh6_NTR,0.12,293.0,8.0,5.6,0.2,MAPATPKTSKTAHFENGSTSSQKKMKQSSLLSFFSKQVPSGTPSKKVQKPTPATLENTATDKITKNPQGGKTGKLFVDVDEDNDLTIAEETVSTVRSDIMHSQEPQSDTMLNSNTTEPKSTTTDEDLSSSQSRRNHKRRVNYAESDDDDSDTTFTAKRKKGKVVDSESDEDEYLPDKNDGDEDDDIADDKEDIKGELAEDSGDDDDLISLAETTSKKKFSYNTSHSSSPFTRNISRDNSKKKSRPNQAPSRSYNPSHSQPSATSKSSKFNKQNEERYQWLVDERDAQRRPKSDPEYDPRTLYIPALEHHHHHH,https://doi.org/10.1016/j.molcel.2007.04.024,4.36484071737934,0.03536201018576742,4.383828628083976,0.03618832024713005,-22.05641576108321,-21.71734592707185
AavLEA1,0.17,293.0,7.5,4.1,0.1,MGSSHHHHHHSSGLVPRGSHMSSQQNQNRQGEQQEQGYMEAAKEKVVNAWESTKETLSSTAQAAAEKTAEFRDSAGETIRDLTGQAQEKGQEFKERAGEKAEETKQRAGEKMDETKQRAGEMRENAGQKMEEYKQQGKGKAEELRDTAAEKLHQAGEKVKGRD,https://doi.org/10.1021/jacs.5b06027,3.9880443430091908,0.027763680774340146,3.9269740817953123,0.027736043004693792,-2.730625780263632,-4.220144346455791
NiVPNT,0.31,293.0,8.0,6.1,0.1,MDKLELVNDGLNIIDFIQKNQKEIQKTYGRSSIQQPSIKDQTKAWEDFLQCTSGESEQVEGGMSKDDGDVERRNLEDLSSTSPTDGTIGKRVSNTRDWAEGSDDIQLDPVVTDVVYHDHGGECTGYGFTSSPERGWSDYTSGANNGNVCLVSDAKMLSYAPEIAVSKEDRETDLVHLENKLSTTGLNPTAVPFTLRNLSDPAKDSPVIAEHYYGLGVKEQNVGPQTSRNVNLDSIKLYTSDDEEADQLEFEDEFAGSSSEVIVGISPEDEEPSSVGGKPNESIGRTIEGQSIRDNLQAKDNKSTDVPGAGPKDSAVKEEPPQKRLPMLAEEFECSGSEDPIIRELLKENSLINCQQGKDAQPPYHWSIERSISPDKTEIVNGAVQTADRQRPGTPMPKSRGIPIKKHHHHHH,https://doi.org/10.1038/s41598-020-76522-3,6.477236050062852,0.05787928982276679,6.400645442296074,0.05335937155426991,6.184197542013975,4.928613808132373
IBB,0.15,296.0,7.4,3.2,0.2,GCTNENANTPAARLHRFKNKGKDSTEMRRRRIEVNVELRKAKKDDQMLKRRNVSSFPDDATSPLQENRNNQGTVNWSVDDIVKGINSSNVENQLQATCA,https://doi.org/10.1073/pnas.1704692114,2.7954121026634895,0.01875641765386691,2.74194264283107,0.019743165138830357,-12.64337179176596,-14.314292411529067
MAP2c,0.16,293.0,6.9,6.7,0.3,MADERKDEGKAPHWTSASLTEAAAHPHSPEMKDQGGSGEGLSRSANGFPYREEEEGAFGEHGSQGTYSDTKENGINGELTSADRETAEEVSARIVQVVTAEAVAVLKGEQEKEAQHKDQPAALPLAAEETVNLPPSPPPSPASEQTAALEEATSGESAQAPSAFKQAKDKVTDGITKSPEKRSSLPRPSSILPPRRGVSGDREENSFSLNSSISSARRTTRSEPIRRAGKSGTSTPTTPGSTAITPGTPPSYSSRTPGTPGTPSYPRTPGTPKSGILVPSEKKVAIIRTPPKSPATPKQLRLINQPLPDLKNVKSKIGSTDNIKYQPKGGQVQIVTKKIDLSHVTSKCGSLKNIRHRPGGGRVKIESVKLDFKEKAQAKVGSLDNAHHVPGGGNVKIDSQKLNFREHAKARVDHGAEIITQSPSRSSVASPRRLSNVSSSGSINLLESPQLATLAEDVTAALAKQGL,https://doi.org/10.1074/jbc.RA118.001769,6.596311663933658,0.07338008400264126,6.549779135678471,0.06838617488781794,-1.5475871054677892,-2.2421024525601347
CortactinCRH,0.31,295.0,8.0,4.74,0.07,GPLGSGYGGKFGVEQDRMDKSAVGHEYQSKLSKHCSQVDSVRGFGGKFGVQMDRVDQSAVGFEYQGKTEKHASQKDYSSGFGGKYGVQADRVDKSAVGFDYQGKTEKHESQRDYSKGFGGKYGIDKDKVDKSAVGFEYQGKTEKHESQKDYVKGFGGKFGVQTDRQDKCALGWDHQEKLQLHESQKDYKTGFGGKFGVQSERQDSAAVGFDYKEKLAKHESQQDYSKGFGGKYGVQKDRMDKNASTFEDVTQVSSAYQKTVPVEAVTSKTSNIRANFENLAKEKEQEDRRKAEAERAQRMAKERQEQEEARRKLEEQARAKTQT,https://doi.org/10.1038/s41598-017-16959-1,5.4440201545833045,0.0487662620378626,5.410049893616298,0.04938154093490172,14.852745877284898,14.136073704985188
MV_PNTD,0.2,293.0,6.0,2.9,0.1,MAEEQARHVKNGLECIRALKAEPIGSLAIEEAMAAWSEISDNPGQERATCREEKAGSSGLSKPCLSAIGSTEGGAPRIRGQGPGESDDDAETLGIPPRNL,https://doi.org/10.1021/jacs.1c06264,2.8826106281432007,0.019475390703708118,2.808922936486691,0.019160900533117954,-0.5996335123034218,-3.1405883970106596
ERM,0.23,293.0,8.0,3.96,0.07,MDGFYDQQVPFMVPGKSRSEECRGRPVIDRKRKFLDTDLAHDSEELFQDLSQLQEAWLAEAQVPDDEQFVPDFQSDNLVLHAPPPTKIKRELHSPSSELSSCSHEQALGANYGEKCLYNYCA,https://doi.org/10.1016/j.bbrc.2010.07.049,3.1959513849106633,0.02306274395054459,3.1020600573343198,0.020766990261062185,-19.29415694670042,-21.665150067315157
CTCF_RD,0.28,283.0,8.0,3.2,0.2,SAERRNSILTETLHRFSLEGDAPVSWTETKKQSFKQTGEFGEKRKNSILNPINSIRKFSIVQKTPLQMNGIEEDSDEPLERRLSLVPDSEQGEAILPRISVISTGPTLQARRRQSVLNLMTHSVNQGQNIHRKTTASTRKVSLAPQANLTELDIYSRRLSQETGLEISEEINEEDLKECFFDDME,https://doi.org/10.1007/s00018-012-1172-5,3.675707254946457,0.026425958351664135,3.663482098779925,0.028623171070249417,14.865851717076772,14.483815586872645
lambdaN,0.11,293.0,7.0,3.8,0.3,MDAQTRRRERRAEKQAQWKAANPLLVGVSAKPVNRPILSLNRKPKSRVESALNPIDLTVLAEYHKQIESNLQRIERKNQRTWYSKPGERGITCSGRQKIKGKSIPLI,https://doi.org/10.1002/pro.739,3.0873150560505556,0.02053964871264261,3.0512428101976465,0.02030325951908485,-18.754866946038007,-19.70413657374614
UL11,0.11,277.0,7.5,2.4,0.2,MGLSFSGTRPCCCRNNVLITDDGEVVSLTAHDFDVVDIESEEEGNFYVPPDMRGVTRAPGRQRLRSSDPPSRHTHRRTPGGACPATQFPPPMSDSEWSHPQFEK,https://doi.org/10.1128/mbio.00810-20,2.471619077093927,0.016086869996457576,2.460818133990891,0.016407188445518386,2.9841282122469543,2.534088916287129
LOXPP,0.15,293.0,7.4,3.7,0.04,APPAAGQQQPPREPPAAPGAWRQQIQWENNGQVFSLLSLGSQYQPQRRRDPGAAVPGAANASAQQPRTPILLIRDNRTAAARTRTAGSSGVTAGRPRPTARHWFQAGYSTSRAREAGASRAENQTAPGEVPALSNLRPPSRVDGMVG,https://doi.org/10.1038/s41598-018-30190-6,3.384844397261174,0.023717688406233846,3.287662703295798,0.027302133021422568,-8.51771899294125,-11.14425126227573
GRB14_PIR,0.13,293.0,8.0,2.6,0.1,YGMQLYQNYMHPYQGRSGCSSQSISPMRSISENSLVAMDFSGQKSRVIENPTEALSVAVEEGLAWRKKGCLRLGTHGSPTASSQSSATNMAIHRSQPW,https://doi.org/10.1529/biophysj.104.048645,2.6886134743744123,0.018739874333772378,2.6446490747595415,0.019061425619086393,3.4082105528620095,1.717272106136207
redsfAFPH32W,0.15,277.0,7.4,2.32,0.02,CKGADGAHGVNGCPGTAGAAGSVGGPGCDGGWGGNGGNGNPGCAGGVGGAGGASGGTGVGGRGGKGGSGTPKGADGAPGAP,https://doi.org/10.1073/pnas.1609579114,2.2980809730881258,0.01491376795219032,2.2748487859722926,0.01495342920953523,-0.9447856427531933,-1.9461730184356585
sfAFP,0.175,293.0,7.5,2.45,0.01,CKGADGAHGVNGCPGTAGAAGSVGGPGCDGGHGGNGGNGNPGCAGGVGGAGGASGGTGVGGWGGKGGSGTPKGADGAPGAPGSHHWHHHHHH,https://doi.org/10.1002/pro.4986,2.576021833651804,0.017859448262118008,2.56123036024619,0.018694449191276396,5.14374831231852,4.5400147039261105
sfAFP1x14G,0.175,293.0,7.5,2.5,0.01,CKGADGAHGVNGCPGTAGAAGSVGGPGCDHNNGGGGGGGGGGGGGGNPGCAVAASGTGVGGWGGKGGSGTPKGADGAPGAPGSHHWHHHHHH,https://doi.org/10.1002/pro.4986,2.603158131424093,0.01781561108301959,2.5301667547952573,0.014792393277551956,4.126325256963721,1.206670191810293
sfAFP3x7G,0.175,293.0,7.5,2.49,0.01,CKGADGAHGVNGCPGTAGAAGSVGGPGCDHNNGGGGGGGNPGCAVAASGGGGGGGGTGVWKSGGGGGGGTPKGADGAPGAPGSHHWHHHHHH,https://doi.org/10.1002/pro.4986,2.5609340705009966,0.017595075304647302,2.5054182199084436,0.016827252789945003,2.8487578514456393,0.6192056188129874
sfAFP1x21G,0.175,293.0,7.5,2.66,0.03,CKGADGAHGVNGCPGTAGAAGSVGGPGCDHNNGGGGGGGGGGGGGGGGGGGGGNPGAGGSGGAGGSGGSGGAGGAGGSGGCAVAASGTGVWKSTPKGADGAPGAPG,https://doi.org/10.1002/pro.4986,2.6637334972912474,0.017669779272613748,2.6436638783778235,0.018463599096930912,0.14035704102433377,-0.6141399106081459
sfAFP2x7Q,0.175,293.0,7.5,2.65,0.01,CKGADGAHGVNGCPGTAGAAGSVGGPGCDHNNQQQQQQQNPGCAVAASQQQQQQQGTGVGGWGGKGGSGTPKGADGAPGAP,https://doi.org/10.1002/pro.4986,2.4297925389905273,0.01517225731073124,2.4226821443813877,0.01562536849614712,-8.30971550979142,-8.5780322874948
sfAFP3x7Q,0.175,293.0,7.5,2.72,0.01,CKGADGAHGVNGCPGTAGAAGSVGGPGCDHNNQQQQQQQNPGCAVAASQQQQQQQGTGVWKSQQQQQQQTPKGADGAPGAP,https://doi.org/10.1002/pro.4986,2.4814203689331804,0.017974910330140204,2.468012261951346,0.01607250580867239,-8.771309965691904,-9.264255075318175
sfAFP1x14Q,0.175,293.0,7.5,2.66,0.01,CKGADGAHGVNGCPGTAGAAGSVGGPGCDHNNQQQQQQQQQQQQQQNPGCAGGVGGAGGASGGTGVGGWGGKGGSGTPKGADGAPGAP,https://doi.org/10.1002/pro.4986,2.499991249615142,0.014525697711970762,2.520282653217923,0.017251988631975555,-6.0153665558217355,-5.252531833912666
sfAFP2x14Q,0.175,293.0,7.5,3.25,0.01,CKGADGAHGVNGCPGTAGAAGSVGGPGCDHNNQQQQQQQQQQQQQQNPGCAVAAGSVGGPGCDHNNQQQQQQQQQQQQQQNPGCAGGVGGAGGASGGTGVGGWGGKGGSGTPKGADGAPGAP,https://doi.org/10.1002/pro.4986,3.0315688734437067,0.019478008602531977,3.035761029444125,0.02032670407225993,-6.720957740193639,-6.5919683247961585
longform,0.175,293.0,7.5,3.92,0.06,GSSHHHHHHHHASENLYFQSCKAPNGADGRSNGEAGGAGTAGANGCDGGDGGNGFPGTGSAAGGAGGIGGVGGAGAKGGNGGKGGWGASSESAAGGAGGAGGAAGAGSSGPGGQGGEGGKGGKANGVTGTGGAGGIGGVGGAGSGGQPGGNGGNAGLGGDSVTAGGAGGTGGAGGAGTPGGRGGNGANGGSGHGNPGGRGLPGAAGLPVGGGGAGGIGGGGGA,https://doi.org/10.1002/pro.4986,4.022194931199058,0.029001282543159278,4.0201364514837366,0.03201974516475282,2.607013550996383,2.5545013133606282
longform_shuffle,0.175,293.0,7.5,3.65,0.01,GSSHHHHHHHHASENLYFQSGGVTCPPGGGTNGKNNGAGDGGGAGGTAGPGAAGWACSGGFGGAGKGTIVAGASGGPGGNGRSGSAGPKGHGAGKPGGLGDSNGGGAPGAGNAGGNGGGGAGQLGTAAGGSGITPVAIGGGGGSGGGGSGGGVGGGATAGNAGGASNGGVAGGGGAGRAGGEGQGGGGGEGGADKGAGGAGNGALRGAGGAGGSAGGGEGDGN,https://doi.org/10.1002/pro.4986,4.0608498533973965,0.02974398773079936,3.988175953370374,0.02985425543771946,11.256160367051962,9.265094612886955
goldilox,0.175,293.0,7.5,3.73,0.05,GSSHHHHHHHHASENLYFQSCKGPNGAGGRGGNEGAGAGTGGAGGCDGGDGGNGGPGTGGAAGGAGGIGGVGGAGGKGGNGGKGGWGGSIEGGAGGAGGAGGAGGAGGSGPGGQGGEGGKGGKAGGVGGTGGAGGIGGVGGAGSGGQPGGNGGNGGLGGDSGGAGGAGGKGGCGGAGGPGGRGGNGGNGGSGHGGPGGRGGPGAGGPGGVGGAGGIGGLGGAG,https://doi.org/10.1002/pro.4986,3.8978213786256526,0.029120170227174526,3.851312188399871,0.028840595160473746,4.4992326709290245,3.2523374906131606
